athlete_id,injured_in_risk_window,onset_day_offset,recovery_duration
1,0,22,14
2,0,23,10
3,1,13,10
4,0,23,14
5,0,17,10
6,0,23,10
7,0,21,10
8,0,18,10
9,0,23,13
10,0,23,11
11,0,23,10
12,0,24,14
13,1,21,15
14,0,22,10
15,0,23,10
16,0,23,10
17,1,14,10
18,1,9,10
19,0,23,14
20,0,23,10
21,0,23,10
22,1,12,10
23,1,8,10
24,0,22,10
25,0,17,11
26,0,17,15
27,1,13,10
28,0,22,10
29,0,23,10
30,0,20,10
31,0,23,10
32,0,23,14
33,0,23,10
34,0,23,10
35,0,23,10
36,1,11,13
37,0,23,10
38,0,22,11
39,0,22,11
40,0,23,10
41,1,23,10
42,1,4,10
43,0,23,10
44,0,23,10
45,0,23,15
46,0,24,14
47,0,23,15
48,0,23,10
49,0,24,10
50,0,21,10
51,0,23,15
52,0,22,11
53,1,2,10
54,0,21,10
55,0,22,10
56,0,23,10
57,1,22,14
58,0,22,11
59,0,23,10
60,0,23,10
61,1,21,13
62,0,23,14
63,0,23,15
64,0,22,10
65,0,23,14
66,0,23,11
67,0,23,14
68,1,8,10
69,0,23,10
70,0,23,15
71,0,23,10
72,0,21,10
73,1,11,10
74,0,21,10
75,0,23,13
76,0,22,10
77,0,23,10
78,0,23,14
79,1,15,14
80,1,1,13
81,0,23,15
82,0,22,14
83,0,23,15
84,0,22,10
85,0,22,10
86,1,3,13
87,0,23,10
88,1,11,10
89,1,15,15
90,1,5,13
91,0,23,14
92,0,23,11
93,1,17,14
94,0,23,13
95,0,23,10
96,0,22,10
97,1,8,10
98,0,22,10
99,0,22,10
100,0,23,13
101,0,21,15
102,0,23,10
103,0,23,14
104,0,21,10
105,0,23,15
106,0,23,14
107,0,23,14
108,1,22,12
109,1,4,10
110,0,23,10
111,0,22,10
112,0,23,10
113,0,23,10
114,0,23,10
115,0,22,10
116,0,23,10
117,0,23,13
118,0,23,15
119,0,23,10
120,0,23,10
121,0,23,10
122,1,6,14
123,0,24,15
124,0,23,10
125,0,23,10
126,0,22,10
127,0,22,14
128,0,23,14
129,0,23,16
130,0,22,10
131,1,8,14
132,0,22,10
133,0,23,14
134,0,22,14
135,0,22,14
136,0,23,10
137,0,23,10
138,0,23,10
139,0,24,10
140,0,17,14
141,0,22,15
142,0,23,10
143,0,21,16
144,0,21,10
145,0,23,10
146,0,22,10
147,0,22,10
148,0,22,10
149,0,23,10
150,0,23,11
151,1,1,10
152,0,23,15
153,0,22,15
154,0,22,10
155,0,23,15
156,1,11,10
157,0,22,10
158,0,23,14
159,1,9,10
160,1,1,13
161,0,21,13
162,0,23,11
163,1,13,10
164,0,23,14
165,0,23,10
166,1,9,14
167,0,23,10
168,1,8,10
169,0,23,14
170,0,24,14
171,0,23,10
172,0,22,15
173,0,22,10
174,1,6,16
175,0,20,10
176,0,21,15
177,0,24,10
178,0,24,11
179,0,23,10
180,0,24,14
181,0,23,15
182,0,23,10
183,0,23,10
184,0,23,10
185,0,23,10
186,1,11,10
187,0,23,10
188,0,21,10
189,1,8,10
190,0,23,10
191,0,24,10
192,1,9,10
193,0,22,10
194,0,22,15
195,0,23,10
196,0,23,10
197,0,23,10
198,1,10,10
199,0,23,10
200,1,15,14
201,0,24,13
202,0,23,14
203,0,23,14
204,0,23,10
205,0,23,14
206,0,23,10
207,0,22,14
208,0,23,10
209,0,23,10
210,0,23,10
211,0,22,10
212,0,22,14
213,0,23,11
214,0,21,14
215,0,23,15
216,0,23,15
217,0,23,10
218,1,2,10
219,0,20,10
220,0,23,10
221,0,23,15
222,0,23,10
223,1,5,14
224,0,22,10
225,1,1,16
226,0,23,10
227,0,23,15
228,0,23,10
229,0,23,10
230,0,23,14
231,0,23,10
232,0,22,10
233,0,23,14
234,0,24,10
235,0,16,14
236,1,12,14
237,0,23,10
238,0,23,14
239,0,22,11
240,0,23,14
241,0,22,10
242,0,22,10
243,0,23,15
244,0,18,14
245,0,23,10
246,0,23,10
247,0,23,10
248,0,23,11
249,0,22,15
250,0,23,10
251,0,23,10
252,1,14,10
253,0,22,10
254,1,17,12
255,1,22,10
256,0,22,10
257,0,23,14
258,1,1,13
259,0,22,10
260,0,22,10
261,0,23,13
262,1,23,13
263,0,23,10
264,0,23,14
265,0,23,14
266,0,23,10
267,0,23,10
268,0,21,10
269,0,20,10
270,0,23,14
271,1,13,15
272,0,22,10
273,0,21,10
274,1,4,10
275,0,23,10
276,1,3,11
277,0,22,11
278,0,22,14
279,0,23,10
280,0,23,16
281,0,22,10
282,0,23,10
283,0,22,10
284,0,23,15
285,0,23,10
286,0,23,15
287,0,19,10
288,1,8,15
289,0,23,11
290,0,23,14
291,1,4,10
292,0,23,13
293,1,4,15
294,0,22,10
295,0,23,14
296,1,13,10
297,0,23,10
298,0,23,11
299,0,23,10
300,0,23,10
301,0,19,11
302,0,24,14
303,0,23,14
304,0,22,10
305,0,23,10
306,0,22,10
307,0,22,10
308,0,23,10
309,0,23,14
310,0,23,10
311,0,22,10
312,0,22,10
313,1,12,10
314,0,22,10
315,1,9,10
316,1,5,10
317,0,23,10
318,0,23,10
319,0,23,10
320,0,23,14
321,1,22,10
322,0,22,15
323,0,23,10
324,0,23,12
325,0,23,15
326,0,22,11
327,1,1,10
328,1,8,10
329,0,23,13
330,0,23,11
331,0,23,14
332,0,23,10
333,0,23,10
334,1,9,10
335,1,6,10
336,0,23,10
337,0,23,10
338,0,24,10
339,0,23,14
340,0,23,13
341,0,23,14
342,0,23,10
343,1,12,10
344,0,22,10
345,0,23,14
346,0,23,16
347,0,18,10
348,1,22,10
349,0,23,15
350,0,23,14
351,0,23,14
352,1,8,15
353,1,7,11
354,0,22,10
355,1,8,10
356,0,21,10
357,0,22,10
358,0,21,10
359,0,23,16
360,0,22,14
361,0,23,10
362,0,22,10
363,1,22,11
364,0,22,11
365,0,23,10
366,1,5,10
367,0,23,10
368,0,23,10
369,1,5,10
370,0,22,10
371,0,23,10
372,0,22,10
373,1,11,13
374,0,23,10
375,1,9,10
376,0,23,14
377,1,13,10
378,1,12,10
379,0,22,10
380,0,23,10
381,0,22,14
382,0,23,10
383,0,21,10
384,0,23,10
385,0,23,14
386,0,23,10
387,0,22,10
388,0,22,11
389,0,23,14
390,0,22,10
391,1,2,12
392,0,24,10
393,0,23,10
394,0,21,10
395,0,22,10
396,0,23,14
397,1,12,11
398,0,23,10
399,0,23,10
400,0,22,10
401,0,23,10
402,0,24,10
403,0,22,10
404,0,23,14
405,0,23,10
406,0,23,14
407,0,23,10
408,1,9,13
409,1,1,10
410,0,23,10
411,0,23,10
412,0,23,10
413,0,23,10
414,0,23,10
415,0,23,10
416,0,23,10
417,0,23,10
418,0,23,10
419,0,21,10
420,0,24,14
421,1,13,15
422,0,23,14
423,0,22,10
424,0,22,10
425,0,23,14
426,0,23,10
427,0,23,12
428,0,23,10
429,0,22,14
430,0,22,10
431,0,23,10
432,0,22,15
433,0,24,14
434,0,23,10
435,0,23,10
436,1,14,10
437,0,23,10
438,0,23,10
439,0,21,10
440,0,22,10
441,0,24,10
442,0,23,10
443,0,23,14
444,0,23,10
445,0,24,11
446,1,6,11
447,1,13,10
448,0,23,10
449,0,22,10
450,0,23,10
451,0,22,10
452,0,21,16
453,0,22,10
454,1,7,10
455,1,12,15
456,0,23,10
457,0,23,14
458,0,23,10
459,0,23,10
460,0,22,10
461,0,23,10
462,0,22,15
463,0,23,13
464,0,23,11
465,0,23,10
466,1,10,10
467,0,23,10
468,0,23,10
469,1,9,10
470,0,23,10
471,0,23,10
472,0,24,10
473,0,23,15
474,0,23,14
475,0,22,10
476,0,23,11
477,0,23,11
478,0,23,14
479,0,23,10
480,0,23,15
481,0,23,10
482,0,22,13
483,1,10,10
484,0,23,10
485,0,23,10
486,0,22,10
487,0,23,14
488,1,6,10
489,0,21,15
490,0,23,10
491,0,17,10
492,0,23,10
493,0,22,10
494,0,22,10
495,0,23,15
496,0,22,14
497,0,23,14
498,0,23,10
499,0,24,14
500,0,23,15
501,0,23,15
502,0,23,15
503,0,23,14
504,1,3,10
505,0,21,10
506,0,22,10
507,0,23,15
508,0,23,10
509,0,23,10
510,1,1,10
511,1,15,10
512,1,4,10
513,0,22,15
514,0,22,10
515,0,24,14
516,0,23,13
517,0,22,14
518,0,17,15
519,0,23,10
520,0,23,13
521,0,23,10
522,0,23,10
523,1,1,10
524,0,23,11
525,0,23,10
526,0,21,10
527,0,23,10
528,0,23,14
529,0,23,10
530,0,23,10
531,0,23,11
532,0,23,10
533,0,23,14
534,0,23,15
535,0,23,14
536,0,23,10
537,0,23,10
538,1,6,10
539,0,22,14
540,0,22,14
541,0,22,10
542,0,22,10
543,0,23,10
544,0,23,10
545,0,23,13
546,0,23,15
547,1,4,10
548,1,4,14
549,0,23,10
550,1,16,10
551,0,23,14
552,0,23,10
553,0,22,10
554,0,23,10
555,0,23,10
556,0,23,14
557,0,19,14
558,1,3,10
559,0,23,14
560,0,23,10
561,0,23,10
562,0,23,10
563,0,23,10
564,0,22,10
565,0,22,13
566,1,9,10
567,0,23,11
568,0,22,13
569,0,24,10
570,1,16,14
571,1,12,10
572,0,22,14
573,0,22,14
574,0,23,15
575,0,22,10
576,0,23,10
577,0,23,15
578,0,22,10
579,1,11,14
580,1,5,10
581,0,23,10
582,0,23,10
583,0,23,14
584,0,23,10
585,0,23,14
586,0,23,10
587,1,4,10
588,0,23,10
589,0,22,10
590,0,23,10
591,0,23,10
592,1,9,10
593,1,23,14
594,0,20,15
595,0,13,14
596,0,23,10
597,0,23,10
598,1,4,16
599,1,6,10
600,0,22,10
601,1,13,10
602,0,23,10
603,0,24,15
604,0,23,10
605,0,23,10
606,0,23,13
607,0,22,10
608,0,22,10
609,0,11,10
610,1,4,14
611,0,22,10
612,0,22,10
613,0,23,10
614,1,1,10
615,0,23,10
616,1,6,15
617,0,22,10
618,0,23,10
619,0,23,10
620,1,7,14
621,0,22,15
622,0,23,14
623,0,23,10
624,0,23,10
625,0,23,10
626,0,23,10
627,0,24,10
628,1,12,16
629,1,16,15
630,0,23,14
631,0,22,11
632,0,22,10
633,0,23,14
634,0,23,10
635,0,23,10
636,0,23,14
637,0,23,10
638,0,23,14
639,0,16,10
640,0,23,10
641,0,23,10
642,0,23,10
643,1,17,15
644,0,23,13
645,0,23,14
646,0,23,13
647,0,23,10
648,0,23,10
649,1,5,10
650,0,22,10
651,0,24,13
652,0,22,10
653,0,23,11
654,0,23,10
655,0,24,14
656,0,21,10
657,1,9,15
658,0,22,10
659,0,22,13
660,0,23,10
661,0,23,10
662,0,23,10
663,0,23,10
664,0,19,10
665,1,6,10
666,0,23,10
667,0,23,11
668,0,21,10
669,0,23,14
670,1,9,13
671,0,22,14
672,0,22,10
673,1,2,15
674,0,23,10
675,0,23,10
676,1,5,10
677,0,18,10
678,1,6,10
679,1,2,11
680,0,22,14
681,1,23,13
682,0,22,10
683,0,23,11
684,1,7,15
685,0,23,10
686,0,22,10
687,0,22,10
688,0,23,10
689,0,24,11
690,0,22,10
691,0,23,14
692,0,23,10
693,0,23,10
694,0,22,15
695,0,22,10
696,0,23,10
697,0,22,10
698,1,6,10
699,0,22,10
700,0,22,14
701,0,23,10
702,1,5,10
703,0,23,15
704,1,8,14
705,1,9,10
706,0,23,10
707,0,23,10
708,1,14,13
709,0,23,15
710,1,3,15
711,0,23,15
712,1,2,14
713,1,9,13
714,1,6,10
715,0,23,11
716,0,23,10
717,0,23,10
718,0,23,15
719,1,13,10
720,0,22,10
721,0,22,15
722,0,23,15
723,0,23,10
724,0,22,10
725,0,23,14
726,0,22,10
727,1,9,15
728,1,6,10
729,0,23,10
730,0,23,10
731,0,24,14
732,0,23,10
733,0,23,10
734,0,23,10
735,1,3,11
736,1,17,10
737,0,23,10
738,0,23,10
739,0,22,14
740,0,22,16
741,0,23,10
742,0,23,10
743,0,22,10
744,0,23,10
745,0,21,10
746,0,22,10
747,0,23,10
748,0,23,15
749,0,22,14
750,0,23,14
751,1,19,13
752,0,23,12
753,0,23,10
754,0,23,10
755,0,24,10
756,0,23,14
757,0,23,10
758,0,23,10
759,0,22,14
760,1,9,10
761,0,24,10
762,1,9,15
763,0,20,14
764,0,22,15
765,0,23,15
766,0,23,11
767,0,23,10
768,0,23,10
769,0,22,10
770,0,23,14
771,0,23,10
772,1,12,14
773,0,23,10
774,0,23,10
775,0,23,15
776,0,23,10
777,0,23,15
778,0,22,10
779,0,23,16
780,1,4,16
781,0,23,10
782,0,16,10
783,1,12,10
784,0,22,10
785,0,23,11
786,0,23,10
787,0,23,10
788,0,24,10
789,0,23,14
790,0,21,10
791,0,23,10
792,0,22,15
793,0,23,10
794,0,22,10
795,1,6,10
796,0,23,10
797,1,4,10
798,0,24,15
799,1,1,16
800,0,22,10
801,0,22,10
802,1,6,15
803,0,22,10
804,0,22,10
805,0,23,15
806,0,24,10
807,1,15,11
808,0,24,10
809,0,20,10
810,0,22,13
811,0,23,10
812,0,24,10
813,1,8,10
814,1,22,10
815,0,23,10
816,0,21,10
817,0,23,10
818,0,23,15
819,0,23,10
820,0,24,15
821,0,22,10
822,0,22,10
823,1,13,14
824,0,23,10
825,1,15,14
826,0,23,10
827,0,22,11
828,1,14,10
829,0,23,15
830,0,23,10
831,0,24,10
832,0,23,10
833,0,22,10
834,0,23,10
835,0,23,10
836,0,23,10
837,0,23,10
838,0,23,10
839,1,1,13
840,1,7,11
841,1,7,10
842,0,23,10
843,0,23,10
844,0,20,10
845,0,23,14
846,0,22,10
847,0,23,15
848,0,22,10
849,0,23,10
850,1,12,10
851,1,13,10
852,0,23,10
853,1,8,16
854,0,23,10
855,1,13,14
856,1,23,14
857,0,21,10
858,0,22,10
859,1,11,10
860,0,22,10
861,0,22,11
862,0,23,10
863,0,23,10
864,1,9,10
865,0,22,10
866,0,21,10
867,0,23,10
868,0,21,10
869,0,22,14
870,0,23,13
871,0,22,10
872,1,4,15
873,0,24,14
874,0,21,10
875,0,22,10
876,0,23,10
877,0,17,10
878,1,4,10
879,1,23,10
880,0,23,10
881,0,21,14
882,0,23,10
883,0,23,15
884,1,1,15
885,0,23,14
886,0,23,10
887,0,23,10
888,0,23,14
889,0,23,16
890,0,23,10
891,0,23,13
892,1,23,10
893,0,22,10
894,0,23,10
895,0,19,10
896,0,23,10
897,1,21,10
898,0,23,10
899,1,3,16
900,1,12,10
901,0,23,10
902,1,5,11
903,0,22,13
904,0,22,10
905,1,14,10
906,0,23,10
907,0,23,14
908,0,23,15
909,0,23,10
910,0,23,10
911,0,22,10
912,0,23,10
913,0,22,10
914,0,23,14
915,0,22,14
916,0,22,15
917,0,23,15
918,1,17,10
919,1,4,10
920,1,1,10
921,0,16,15
922,0,22,14
923,0,23,10
924,0,22,15
925,0,22,11
926,0,23,10
927,0,22,10
928,0,23,14
929,0,17,10
930,1,2,10
931,1,8,10
932,0,23,16
933,0,23,10
934,0,23,10
935,0,23,10
936,0,23,10
937,0,22,14
938,0,23,14
939,0,21,10
940,0,23,10
941,0,23,10
942,1,4,10
943,0,22,10
944,1,24,11
945,0,22,10
946,0,23,10
947,0,23,10
948,1,21,10
949,0,23,10
950,1,6,10
951,0,23,10
952,0,23,10
953,0,22,14
954,0,23,10
955,0,22,14
956,0,23,10
957,1,9,10
958,0,24,10
959,0,22,11
960,0,23,10
961,0,23,14
962,0,23,15
963,0,23,14
964,0,22,10
965,0,23,15
966,0,23,10
967,0,22,16
968,0,23,15
969,0,22,10
970,0,23,10
971,0,23,10
972,0,23,10
973,0,22,11
974,1,3,10
975,0,23,14
976,0,23,14
977,0,23,14
978,0,21,14
979,1,8,10
980,0,22,10
981,0,23,10
982,0,22,14
983,0,22,10
984,0,23,14
985,0,17,10
986,0,23,10
987,0,21,15
988,0,23,14
989,1,9,15
990,0,23,10
991,0,23,10
992,0,23,14
993,1,3,10
994,0,23,10
995,0,22,14
996,0,22,10
997,0,23,15
998,1,10,10
999,0,23,14
1000,0,23,10
1001,0,23,15
1002,0,23,15
1003,0,22,14
1004,1,20,10
1005,0,23,10
1006,0,23,10
1007,0,22,10
1008,1,12,10
1009,1,4,11
1010,0,22,10
1011,0,24,13
1012,1,11,10
1013,0,23,14
1014,0,23,10
1015,1,17,14
1016,0,23,10
1017,0,23,10
1018,0,23,13
1019,0,23,10
1020,1,9,16
1021,0,23,13
1022,0,23,10
1023,0,21,10
1024,0,22,10
1025,0,21,10
1026,0,23,10
1027,0,23,10
1028,0,23,10
1029,0,23,15
1030,0,22,10
1031,0,23,10
1032,1,9,10
1033,0,23,14
1034,0,23,10
1035,0,23,10
1036,0,23,10
1037,0,24,13
1038,1,14,14
1039,1,9,15
1040,0,23,10
1041,1,10,10
1042,0,24,14
1043,0,21,10
1044,0,22,10
1045,1,4,13
1046,1,10,10
1047,0,23,10
1048,0,23,10
1049,0,23,10
1050,0,23,10
1051,0,23,10
1052,1,11,10
1053,0,23,10
1054,0,23,14
1055,0,14,14
1056,0,20,11
1057,1,2,9
1058,0,23,10
1059,1,12,16
1060,0,23,14
1061,1,6,10
1062,1,12,10
1063,0,23,10
1064,0,23,10
1065,0,24,11
1066,0,23,10
1067,0,23,15
1068,0,23,10
1069,0,23,14
1070,0,23,10
1071,0,23,10
1072,0,23,10
1073,0,23,10
1074,0,23,10
1075,0,23,10
1076,0,22,15
1077,1,1,10
1078,0,23,10
1079,1,22,10
1080,0,22,10
1081,0,23,10
1082,1,5,10
1083,0,22,11
1084,1,11,10
1085,0,23,10
1086,0,24,10
1087,0,23,10
1088,0,14,14
1089,0,23,10
1090,0,22,10
1091,0,22,10
1092,0,23,14
1093,0,23,10
1094,0,23,10
1095,0,23,10
1096,0,22,10
1097,0,23,14
1098,0,14,10
1099,0,22,10
1100,0,23,14
1101,1,12,14
1102,0,23,10
1103,0,23,10
1104,1,8,11
1105,0,22,10
1106,0,23,15
1107,0,23,10
1108,0,23,10
1109,1,8,10
1110,0,23,10
1111,0,24,14
1112,0,22,10
1113,0,23,10
1114,0,23,14
1115,0,21,10
1116,0,23,10
1117,0,20,10
1118,0,23,10
1119,0,22,15
1120,0,24,15
1121,0,23,15
1122,1,23,10
1123,0,23,10
1124,0,22,10
1125,0,23,10
1126,1,13,11
1127,1,15,14
1128,0,22,15
1129,0,14,10
1130,0,22,14
1131,0,23,10
1132,0,23,15
1133,0,23,15
1134,0,23,15
1135,1,4,10
1136,0,23,10
1137,0,23,10
1138,0,23,10
1139,1,6,13
1140,0,22,10
1141,0,23,15
1142,1,4,10
1143,0,23,10
1144,0,23,10
1145,0,22,15
1146,0,23,14
1147,0,22,10
1148,0,22,11
1149,0,23,15
1150,0,23,15
1151,0,14,10
1152,0,23,11
1153,0,22,10
1154,0,22,16
1155,0,24,10
1156,0,22,10
1157,0,23,10
1158,0,24,11
1159,0,23,15
1160,0,23,10
1161,1,6,10
1162,0,23,10
1163,0,22,10
1164,0,22,10
1165,0,22,10
1166,0,23,10
1167,0,17,10
1168,1,8,14
1169,0,23,15
1170,0,18,10
1171,1,9,15
1172,0,23,10
1173,0,23,10
1174,1,6,10
1175,0,23,10
1176,0,23,15
1177,0,22,10
1178,0,22,10
1179,0,23,14
1180,0,22,15
1181,0,22,15
1182,0,23,10
1183,1,13,10
1184,1,14,10
1185,0,23,15
1186,0,23,14
1187,0,22,11
1188,0,23,15
1189,0,23,14
1190,0,23,14
1191,0,23,10
1192,1,10,15
1193,0,23,10
1194,0,23,10
1195,0,23,14
1196,0,22,15
1197,0,23,10
1198,0,22,10
1199,0,14,11
1200,0,23,10
1201,0,23,9
1202,0,22,10
1203,0,23,10
1204,0,23,10
1205,0,23,10
1206,1,8,16
1207,0,23,10
1208,1,9,10
1209,0,23,15
1210,0,23,10
1211,0,22,10
1212,0,23,10
1213,0,11,10
1214,0,23,13
1215,1,4,10
1216,1,23,14
1217,0,24,10
1218,0,22,10
1219,1,7,16
1220,0,23,14
1221,0,23,15
1222,0,23,10
1223,1,9,11
1224,0,22,15
1225,0,23,14
1226,0,23,10
1227,1,21,16
1228,0,23,10
1229,1,2,13
1230,0,22,10
1231,1,6,14
1232,1,11,11
1233,1,17,10
1234,0,17,10
1235,0,23,10
1236,0,23,10
1237,1,3,12
1238,1,11,10
1239,1,1,13
1240,1,13,13
1241,0,23,10
1242,0,22,14
1243,1,2,13
1244,1,4,11
1245,0,21,11
1246,0,23,10
1247,0,23,10
1248,0,23,15
1249,0,23,15
1250,0,23,11
1251,0,23,10
1252,0,23,10
1253,0,23,10
1254,0,23,10
1255,0,22,14
1256,0,22,12
1257,0,22,10
1258,0,22,14
1259,0,22,14
1260,0,17,14
1261,0,16,13
1262,0,16,10
1263,0,23,15
1264,1,17,14
1265,0,23,10
1266,0,21,10
1267,1,1,10
1268,0,23,10
1269,1,4,10
1270,0,23,10
1271,0,23,10
1272,0,23,10
1273,0,23,13
1274,0,23,14
1275,0,22,15
1276,0,23,10
1277,1,11,10
1278,0,23,14
1279,1,11,12
1280,0,23,10
1281,0,23,10
1282,0,23,10
1283,0,23,14
1284,0,23,13
1285,0,23,10
1286,0,23,15
1287,0,23,10
1288,0,20,10
1289,0,23,14
1290,0,22,11
1291,0,23,14
1292,0,23,10
1293,1,3,10
1294,0,23,10
1295,0,23,15
1296,1,6,10
1297,0,23,11
1298,0,22,10
1299,0,23,10
1300,1,23,14
1301,0,21,15
1302,1,11,10
1303,1,3,10
1304,0,23,10
1305,0,24,11
1306,0,23,10
1307,0,23,10
1308,0,23,16
1309,0,23,14
1310,1,11,10
1311,0,22,13
1312,0,23,10
1313,0,23,10
1314,1,6,10
1315,1,10,10
1316,0,23,15
1317,0,23,14
1318,0,22,10
1319,0,22,10
1320,0,23,10
1321,0,23,10
1322,1,4,13
1323,0,22,10
1324,0,23,10
1325,0,23,10
1326,0,23,11
1327,0,23,10
1328,1,8,13
1329,1,5,13
1330,1,11,10
1331,0,23,10
1332,1,6,10
1333,0,23,14
1334,0,23,14
1335,0,22,13
1336,0,21,16
1337,0,22,15
1338,0,23,14
1339,0,23,15
1340,0,24,10
1341,0,23,10
1342,0,23,14
1343,0,23,10
1344,0,21,14
1345,0,22,10
1346,1,9,13
1347,0,23,10
1348,0,23,14
1349,0,23,10
1350,0,21,14
1351,1,5,10
1352,0,21,10
1353,0,23,10
1354,0,18,10
1355,0,21,10
1356,0,23,13
1357,0,23,10
1358,0,23,10
1359,0,22,10
1360,0,22,10
1361,0,23,14
1362,1,4,13
1363,0,22,10
1364,0,23,10
1365,0,22,14
1366,0,23,10
1367,0,23,13
1368,0,22,10
1369,0,23,15
1370,1,5,13
1371,1,9,14
1372,0,23,15
1373,1,10,14
1374,0,23,15
1375,0,24,14
1376,0,23,10
1377,0,23,10
1378,0,23,14
1379,0,23,10
1380,1,16,10
1381,1,11,10
1382,1,18,13
1383,0,22,10
1384,0,22,10
1385,1,3,10
1386,0,23,14
1387,0,22,10
1388,0,23,14
1389,0,23,10
1390,1,2,10
1391,0,23,11
1392,0,23,10
1393,0,23,13
1394,0,23,14
1395,0,21,10
1396,1,12,10
1397,0,23,15
1398,0,23,14
1399,0,23,10
1400,1,8,10
1401,0,23,10
1402,0,23,10
1403,0,23,10
1404,0,24,14
1405,0,23,10
1406,0,23,13
1407,1,2,10
1408,1,12,13
1409,1,22,10
1410,0,23,15
1411,0,23,10
1412,0,23,10
1413,0,22,10
1414,0,23,14
1415,0,23,14
1416,0,23,10
1417,0,23,10
1418,0,23,10
1419,0,23,14
1420,0,23,15
1421,1,10,10
1422,0,24,10
1423,0,23,13
1424,0,22,10
1425,0,22,11
1426,0,23,10
1427,0,23,10
1428,0,24,10
1429,1,6,14
1430,0,20,10
1431,0,23,10
1432,0,23,15
1433,0,22,15
1434,0,23,14
1435,0,22,10
1436,1,9,10
1437,0,23,15
1438,0,24,11
1439,0,23,10
1440,1,5,15
1441,0,23,10
1442,0,23,10
1443,0,22,10
1444,0,23,14
1445,1,7,15
1446,1,5,9
1447,0,23,10
1448,0,23,10
1449,0,23,10
1450,0,23,10
1451,0,23,10
1452,1,2,10
1453,1,16,10
1454,0,23,14
1455,1,5,14
1456,0,16,10
1457,0,23,10
1458,0,23,15
1459,0,22,10
1460,0,22,10
1461,1,3,10
1462,0,22,10
1463,0,23,14
1464,0,23,11
1465,0,23,10
1466,1,8,10
1467,0,23,10
1468,0,22,10
1469,0,23,10
1470,0,23,10
1471,1,15,11
1472,0,22,10
1473,0,23,12
1474,0,23,10
1475,1,3,16
1476,0,22,10
1477,1,10,10
1478,0,22,10
1479,0,23,10
1480,0,23,15
1481,0,21,10
1482,1,13,10
1483,0,23,10
1484,0,23,10
1485,0,22,10
1486,0,23,10
1487,0,23,10
1488,0,24,14
1489,1,12,10
1490,1,4,10
1491,0,23,10
1492,1,13,10
1493,0,21,10
1494,1,12,10
1495,1,1,10
1496,0,24,14
1497,0,23,10
1498,0,21,10
1499,0,23,10
1500,0,23,10
1501,0,22,10
1502,0,23,10
1503,0,23,15
1504,0,23,10
1505,0,22,14
1506,1,8,10
1507,0,23,10
1508,0,22,10
1509,0,23,10
1510,0,22,14
1511,0,22,10
1512,0,23,10
1513,0,23,13
1514,1,23,14
1515,0,23,15
1516,0,23,10
1517,0,15,10
1518,0,22,10
1519,0,23,10
1520,0,23,15
1521,0,23,10
1522,0,22,14
1523,0,23,14
1524,0,23,13
1525,0,23,10
1526,0,23,10
1527,1,17,10
1528,1,5,10
1529,0,23,10
1530,1,12,10
1531,0,23,10
1532,0,23,10
1533,1,2,14
1534,0,22,15
1535,0,22,10
1536,0,23,10
1537,0,23,10
1538,0,13,14
1539,0,23,10
1540,0,23,14
1541,1,15,10
1542,1,8,10
1543,0,23,10
1544,0,23,10
1545,1,12,10
1546,0,23,14
1547,1,1,10
1548,1,4,10
1549,0,23,10
1550,0,23,15
1551,0,23,14
1552,0,22,14
1553,0,22,15
1554,0,23,15
1555,0,23,13
1556,0,23,14
1557,0,23,10
1558,0,22,11
1559,0,22,14
1560,0,23,10
1561,0,23,10
1562,0,23,10
1563,1,11,15
1564,0,23,15
1565,0,22,15
1566,0,22,10
1567,0,23,15
1568,0,22,15
1569,0,23,10
1570,0,23,10
1571,0,22,14
1572,0,23,10
1573,0,22,11
1574,0,23,10
1575,0,23,14
1576,0,23,15
1577,0,23,14
1578,0,22,10
1579,0,23,13
1580,0,22,10
1581,0,22,10
1582,1,9,10
1583,0,23,16
1584,0,22,11
1585,0,23,15
1586,0,23,10
1587,0,23,10
1588,1,10,10
1589,0,24,14
1590,0,23,10
1591,0,22,15
1592,0,22,14
1593,1,20,15
1594,1,8,10
1595,0,22,10
1596,0,23,10
1597,0,23,10
1598,0,22,10
1599,0,23,10
1600,1,7,10
1601,1,17,10
1602,0,23,10
1603,0,22,13
1604,0,22,10
1605,0,23,15
1606,0,23,10
1607,1,8,15
1608,0,22,14
1609,1,16,15
1610,0,23,10
1611,0,21,10
1612,0,22,10
1613,0,24,14
1614,0,22,10
1615,1,18,10
1616,1,8,10
1617,1,10,10
1618,0,22,14
1619,0,19,10
1620,0,21,11
1621,0,22,10
1622,0,23,14
1623,0,23,10
1624,0,22,14
1625,1,21,10
1626,0,23,10
1627,0,22,10
1628,0,23,10
1629,1,10,11
1630,0,23,10
1631,0,23,10
1632,0,22,10
1633,0,23,10
1634,0,23,10
1635,0,23,14
1636,0,23,10
1637,0,21,10
1638,0,23,15
1639,0,23,10
1640,1,9,14
1641,0,23,10
1642,0,23,10
1643,1,9,13
1644,0,23,14
1645,0,23,10
1646,0,23,14
1647,0,22,10
1648,0,23,13
1649,1,9,15
1650,1,4,10
1651,0,23,11
1652,0,23,10
1653,0,22,14
1654,0,24,10
1655,1,11,10
1656,0,23,10
1657,0,24,10
1658,1,2,10
1659,0,24,14
1660,0,23,10
1661,0,21,10
1662,0,24,10
1663,0,22,10
1664,0,23,10
1665,1,13,10
1666,1,8,10
1667,0,23,14
1668,0,24,10
1669,0,21,10
1670,0,23,15
1671,0,22,13
1672,1,14,14
1673,0,22,10
1674,1,4,15
1675,0,23,10
1676,0,23,15
1677,1,12,10
1678,0,23,10
1679,1,13,10
1680,0,23,10
1681,0,22,10
1682,0,22,10
1683,0,23,14
1684,0,23,10
1685,1,11,10
1686,0,23,10
1687,0,23,10
1688,0,23,10
1689,0,22,11
1690,0,23,10
1691,0,20,14
1692,0,22,10
1693,0,22,14
1694,0,23,15
1695,0,22,10
1696,0,23,14
1697,0,22,10
1698,1,15,10
1699,0,23,10
1700,0,23,10
1701,0,23,10
1702,0,22,14
1703,0,23,14
1704,0,23,10
1705,1,1,11
1706,0,23,14
1707,0,22,11
1708,0,22,15
1709,0,23,14
1710,0,23,14
1711,1,8,10
1712,0,22,14
1713,1,2,11
1714,0,21,10
1715,0,23,10
1716,0,22,10
1717,0,23,10
1718,0,23,10
1719,0,23,14
1720,1,23,13
1721,1,3,16
1722,0,23,10
1723,1,4,10
1724,0,22,10
1725,0,23,10
1726,0,23,10
1727,1,5,10
1728,0,19,10
1729,0,23,10
1730,0,22,10
1731,0,22,10
1732,0,23,10
1733,0,24,14
1734,0,23,10
1735,0,22,10
1736,0,23,10
1737,0,21,10
1738,0,23,14
1739,1,11,10
1740,0,23,14
1741,1,3,10
1742,0,22,15
1743,0,23,10
1744,0,23,15
1745,0,23,10
1746,0,23,16
1747,0,24,10
1748,0,24,13
1749,0,21,15
1750,0,23,11
1751,0,23,14
1752,0,23,14
1753,0,23,14
1754,0,23,10
1755,0,23,10
1756,0,22,14
1757,0,24,11
1758,0,23,10
1759,1,12,14
1760,1,12,10
1761,0,24,10
1762,0,23,14
1763,0,23,10
1764,0,23,10
1765,0,22,10
1766,0,23,10
1767,0,23,10
1768,0,23,14
1769,0,23,14
1770,0,22,10
1771,0,22,10
1772,1,4,13
1773,0,22,14
1774,0,23,10
1775,0,23,10
1776,0,23,15
1777,0,23,10
1778,0,23,10
1779,0,23,10
1780,0,23,14
1781,1,5,10
1782,1,22,13
1783,0,23,10
1784,0,23,14
1785,0,23,10
1786,1,1,11
1787,1,1,10
1788,0,22,10
1789,0,22,10
1790,0,23,11
1791,1,13,10
1792,0,23,15
1793,1,11,15
1794,0,14,10
1795,0,23,10
1796,0,23,11
1797,0,21,10
1798,0,23,10
1799,0,23,10
1800,0,24,14
1801,0,23,15
1802,0,23,10
1803,1,11,10
1804,0,23,10
1805,1,11,14
1806,0,23,10
1807,0,23,10
1808,0,23,14
1809,0,23,15
1810,0,23,10
1811,0,24,15
1812,0,22,10
1813,0,22,10
1814,0,22,10
1815,0,22,10
1816,0,23,10
1817,0,23,10
1818,0,22,10
1819,0,23,15
1820,0,16,14
1821,0,23,10
1822,0,23,10
1823,0,23,10
1824,0,23,10
1825,1,17,14
1826,0,23,10
1827,1,1,10
1828,0,23,10
1829,0,24,10
1830,1,5,10
1831,0,23,10
1832,0,22,10
1833,1,8,10
1834,1,6,15
1835,1,4,10
1836,1,6,16
1837,1,5,10
1838,0,23,10
1839,0,22,10
1840,0,24,14
1841,0,23,14
1842,1,6,10
1843,0,23,10
1844,0,23,10
1845,0,23,10
1846,0,22,10
1847,0,22,15
1848,1,11,10
1849,0,23,10
1850,1,12,16
1851,0,24,10
1852,0,22,10
1853,0,23,10
1854,0,17,10
1855,0,23,13
1856,0,22,10
1857,0,22,10
1858,0,24,10
1859,0,22,10
1860,0,22,10
1861,0,22,10
1862,0,23,10
1863,0,20,11
1864,0,23,14
1865,1,8,10
1866,1,11,10
1867,1,13,15
1868,0,19,14
1869,0,23,10
1870,0,22,14
1871,0,23,14
1872,0,22,14
1873,0,23,15
1874,0,22,10
1875,0,23,10
1876,1,12,10
1877,1,4,14
1878,0,23,10
1879,0,23,10
1880,0,24,13
1881,0,23,13
1882,0,23,14
1883,0,23,10
1884,1,5,10
1885,1,3,13
1886,1,6,16
1887,0,23,14
1888,0,23,10
1889,0,22,10
1890,1,23,12
1891,0,23,14
1892,0,21,10
1893,0,23,15
1894,0,15,10
1895,0,23,11
1896,0,23,10
1897,0,22,10
1898,0,22,10
1899,0,22,10
1900,0,23,10
1901,0,18,10
1902,0,24,10
1903,0,22,11
1904,0,23,10
1905,0,23,15
1906,0,23,10
1907,0,23,10
1908,0,22,10
1909,0,23,10
1910,1,12,14
1911,0,22,10
1912,0,24,14
1913,0,22,15
1914,0,23,14
1915,0,20,13
1916,0,23,10
1917,0,22,14
1918,1,22,15
1919,0,23,10
1920,0,23,11
1921,0,23,14
1922,0,23,10
1923,1,1,10
1924,0,23,15
1925,0,23,10
1926,0,23,13
1927,0,15,14
1928,0,22,10
1929,1,21,11
1930,0,22,15
1931,1,11,15
1932,0,23,10
1933,0,23,14
1934,0,23,14
1935,0,23,9
1936,0,23,11
1937,0,24,10
1938,0,22,11
1939,0,21,10
1940,0,23,14
1941,0,23,10
1942,0,23,14
1943,0,23,14
1944,1,13,11
1945,0,23,10
1946,0,21,10
1947,0,23,10
1948,0,22,10
1949,0,22,10
1950,1,7,10
1951,0,23,10
1952,1,9,10
1953,0,23,14
1954,1,17,10
1955,0,24,10
1956,0,22,10
1957,0,17,10
1958,1,15,10
1959,0,22,10
1960,0,22,14
1961,1,17,15
1962,0,23,14
1963,1,2,11
1964,0,21,10
1965,0,22,11
1966,0,23,10
1967,0,22,10
1968,0,22,15
1969,0,23,10
1970,0,22,15
1971,0,23,14
1972,0,21,10
1973,0,23,14
1974,1,3,15
1975,0,23,10
1976,0,22,11
1977,0,23,13
1978,0,23,15
1979,0,21,10
1980,0,23,10
1981,0,23,10
1982,0,17,10
1983,0,23,10
1984,0,22,11
1985,0,23,10
1986,0,22,10
1987,0,24,10
1988,0,13,14
1989,1,11,10
1990,1,15,10
1991,0,22,10
1992,1,13,15
1993,0,23,10
1994,0,23,10
1995,1,13,10
1996,0,22,10
1997,0,22,10
1998,0,23,15
1999,0,23,11
2000,0,23,10
2001,1,7,17
2002,0,16,10
2003,0,24,10
2004,0,23,14
2005,1,12,10
2006,0,21,11
2007,0,23,15
2008,0,22,14
2009,1,23,10
2010,0,22,14
2011,0,24,14
2012,0,23,10
2013,0,23,16
2014,0,21,15
2015,0,23,10
2016,0,23,15
2017,1,1,11
2018,0,23,10
2019,0,23,15
2020,0,23,10
2021,1,14,10
2022,0,23,10
2023,1,15,10
2024,0,23,14
2025,0,23,10
2026,0,23,10
2027,0,18,10
2028,1,22,14
2029,1,1,11
2030,0,22,14
2031,0,23,14
2032,0,22,10
2033,0,24,10
2034,0,23,10
2035,0,22,10
2036,0,22,14
2037,0,23,10
2038,1,6,15
2039,0,23,10
2040,1,9,15
2041,0,21,10
2042,0,22,10
2043,0,24,15
2044,0,22,15
2045,1,23,11
2046,0,23,10
2047,0,23,14
2048,0,22,15
2049,1,2,15
2050,0,22,10
2051,0,23,10
2052,0,22,14
2053,0,23,10
2054,1,14,14
2055,1,14,10
2056,1,15,10
2057,0,23,15
2058,0,23,10
2059,0,23,15
2060,0,23,10
2061,0,21,14
2062,1,13,13
2063,0,22,10
2064,0,22,15
2065,0,23,14
2066,0,22,10
2067,0,19,10
2068,0,23,10
2069,0,23,14
2070,0,21,10
2071,1,17,14
2072,1,12,11
2073,0,23,10
2074,0,23,14
2075,0,23,10
2076,0,23,15
2077,0,23,10
2078,1,22,10
2079,0,23,14
2080,0,23,10
2081,0,23,10
2082,0,22,13
2083,0,23,10
2084,0,24,14
2085,0,23,13
2086,0,23,15
2087,0,23,15
2088,0,23,10
2089,1,8,11
2090,0,23,10
2091,0,23,14
2092,1,13,10
2093,1,6,16
2094,1,22,10
2095,0,23,10
2096,0,23,10
2097,0,22,10
2098,1,17,15
2099,1,22,10
2100,0,22,10
2101,0,23,14
2102,0,23,10
2103,0,22,14
2104,1,11,15
2105,1,23,10
2106,1,7,10
2107,1,11,15
2108,0,23,10
2109,0,23,10
2110,0,23,10
2111,1,10,10
2112,0,22,13
2113,0,22,10
2114,0,23,14
2115,0,22,10
2116,0,23,10
2117,0,23,10
2118,0,22,15
2119,1,12,10
2120,1,23,11
2121,0,22,11
2122,0,23,14
2123,1,16,10
2124,0,23,10
2125,0,21,10
2126,0,20,10
2127,0,23,10
2128,0,23,10
2129,1,3,10
2130,0,23,15
2131,0,23,10
2132,0,23,14
2133,0,22,10
2134,0,24,14
2135,0,23,15
2136,0,22,13
2137,1,9,17
2138,0,23,15
2139,0,22,10
2140,0,22,10
2141,0,18,16
2142,1,4,10
2143,1,10,13
2144,0,23,10
2145,0,23,14
2146,1,8,10
2147,0,23,14
2148,0,22,15
2149,0,23,10
2150,0,23,10
2151,1,22,15
2152,1,6,10
2153,0,22,13
2154,1,13,15
2155,0,23,13
2156,0,23,10
2157,0,23,10
2158,0,23,14
2159,0,23,16
2160,0,22,10
2161,1,10,16
2162,0,23,10
2163,0,23,10
2164,1,4,10
2165,0,23,10
2166,1,5,10
2167,0,22,15
2168,0,23,10
2169,1,9,14
2170,0,22,11
2171,0,23,10
2172,1,9,10
2173,0,23,10
2174,0,23,15
2175,0,23,10
2176,0,23,10
2177,1,15,10
2178,0,20,11
2179,0,19,11
2180,0,23,15
2181,0,22,10
2182,0,23,14
2183,1,19,13
2184,0,22,10
2185,0,24,10
2186,0,23,15
2187,0,22,10
2188,0,24,13
2189,1,4,10
2190,0,23,10
2191,0,22,10
2192,0,23,14
2193,0,22,14
2194,1,9,10
2195,1,1,15
2196,0,23,10
2197,0,17,10
2198,0,17,10
2199,0,22,10
2200,0,24,14
2201,1,20,14
2202,0,22,15
2203,1,22,13
2204,0,24,15
2205,0,23,14
2206,0,18,10
2207,0,23,10
2208,0,23,15
2209,0,22,14
2210,1,11,10
2211,0,23,10
2212,1,8,10
2213,0,23,14
2214,0,23,10
2215,0,23,10
2216,0,23,10
2217,1,11,10
2218,0,23,10
2219,0,23,10
2220,0,23,13
2221,0,23,14
2222,1,6,10
2223,0,22,10
2224,0,23,10
2225,0,22,10
2226,0,22,10
2227,0,23,15
2228,1,13,15
2229,0,23,10
2230,0,22,15
2231,0,23,15
2232,0,23,15
2233,0,23,13
2234,0,22,10
2235,0,24,11
2236,0,22,10
2237,0,23,13
2238,1,12,10
2239,1,4,10
2240,1,10,10
2241,0,23,15
2242,0,22,14
2243,0,23,10
2244,0,23,10
2245,0,22,14
2246,0,23,10
2247,0,23,15
2248,0,23,14
2249,1,23,14
2250,0,20,10
2251,0,22,10
2252,0,23,10
2253,0,22,10
2254,1,16,10
2255,0,23,10
2256,0,22,10
2257,0,23,10
2258,0,18,10
2259,0,23,14
2260,1,8,10
2261,0,23,15
2262,0,23,14
2263,0,23,11
2264,0,22,10
2265,0,23,10
2266,1,4,10
2267,0,22,10
2268,1,7,10
2269,0,20,15
2270,0,22,10
2271,0,22,15
2272,1,10,14
2273,0,22,10
2274,0,23,10
2275,0,23,14
2276,0,23,10
2277,0,24,11
2278,0,23,13
2279,0,23,10
2280,0,23,14
2281,0,23,10
2282,0,23,10
2283,1,9,10
2284,0,23,10
2285,0,22,10
2286,1,2,10
2287,1,3,14
2288,0,23,14
2289,0,22,14
2290,0,23,10
2291,0,21,10
2292,1,11,10
2293,0,23,10
2294,0,23,10
2295,0,23,10
2296,0,23,15
2297,0,23,10
2298,0,23,10
2299,0,23,10
2300,1,8,10
2301,0,22,10
2302,0,21,10
2303,0,23,10
2304,0,24,10
2305,0,23,10
2306,0,21,15
2307,0,23,10
2308,0,23,10
2309,0,23,10
2310,0,23,10
2311,0,23,16
2312,0,23,10
2313,1,6,10
2314,0,22,10
2315,0,23,10
2316,0,22,10
2317,0,22,10
2318,1,12,10
2319,1,4,14
2320,0,23,10
2321,1,16,10
2322,0,23,14
2323,0,23,10
2324,0,23,10
2325,0,23,10
2326,0,23,10
2327,0,23,10
2328,0,23,14
2329,0,22,10
2330,0,23,16
2331,0,21,16
2332,0,23,14
2333,0,22,10
2334,0,23,10
2335,0,22,11
2336,0,24,10
2337,0,23,10
2338,0,23,14
2339,0,22,10
2340,0,22,15
2341,1,11,10
2342,1,2,15
2343,0,23,14
2344,0,22,10
2345,0,24,14
2346,0,22,14
2347,0,22,14
2348,1,4,13
2349,0,23,10
2350,0,23,10
2351,0,23,10
2352,0,20,10
2353,1,12,16
2354,1,15,11
2355,0,23,10
2356,0,22,10
2357,0,23,10
2358,0,23,14
2359,0,21,15
2360,0,23,13
2361,0,23,10
2362,0,22,10
2363,0,17,10
2364,1,5,13
2365,0,23,10
2366,0,23,10
2367,0,23,14
2368,0,22,14
2369,1,12,10
2370,0,24,10
2371,0,22,10
2372,0,23,14
2373,0,23,10
2374,1,8,10
2375,0,24,10
2376,0,22,14
2377,1,12,14
2378,0,23,10
2379,0,23,10
2380,0,23,13
2381,0,22,10
2382,0,23,10
2383,0,21,14
2384,1,12,11
2385,0,22,14
2386,0,23,10
2387,0,23,14
2388,0,23,14
2389,0,23,10
2390,0,22,11
2391,1,9,10
2392,0,23,10
2393,1,11,16
2394,0,23,10
2395,1,14,10
2396,1,8,10
2397,0,23,10
2398,0,21,11
2399,0,23,10
2400,0,23,10
2401,1,14,14
2402,0,23,10
2403,0,23,10
2404,1,2,11
2405,0,21,10
2406,0,22,10
2407,0,24,15
2408,0,23,14
2409,1,3,15
2410,0,22,10
2411,0,23,10
2412,0,22,10
2413,0,22,10
2414,0,22,10
2415,1,12,10
2416,0,17,10
2417,0,23,15
2418,0,23,10
2419,1,3,10
2420,0,23,15
2421,0,24,14
2422,0,23,10
2423,1,21,14
2424,0,23,10
2425,0,23,10
2426,1,12,10
2427,0,23,10
2428,0,22,10
2429,1,9,10
2430,0,23,14
2431,0,22,10
2432,0,23,10
2433,0,23,10
2434,0,22,10
2435,0,22,10
2436,1,12,10
2437,0,23,10
2438,0,23,14
2439,0,22,10
2440,0,22,10
2441,0,23,10
2442,1,13,14
2443,0,23,10
2444,0,18,10
2445,1,21,10
2446,1,2,10
2447,0,22,10
2448,0,23,10
2449,1,13,10
2450,0,23,10
2451,0,23,10
2452,0,23,9
2453,0,23,14
2454,0,23,14
2455,1,9,10
2456,1,10,10
2457,1,9,10
2458,0,21,15
2459,0,23,10
2460,1,13,15
2461,0,23,10
2462,1,12,10
2463,0,23,14
2464,0,23,14
2465,0,23,11
2466,0,23,14
2467,0,23,14
2468,0,23,10
2469,0,23,10
2470,0,23,10
2471,1,9,10
2472,0,21,14
2473,0,24,10
2474,0,23,10
2475,1,4,14
2476,0,23,10
2477,0,24,13
2478,0,21,10
2479,0,23,14
2480,0,23,10
2481,1,15,14
2482,0,22,15
2483,1,23,15
2484,0,23,10
2485,0,22,10
2486,0,23,14
2487,1,15,16
2488,1,6,10
2489,0,23,10
2490,1,9,15
2491,0,22,10
2492,0,23,10
2493,1,22,10
2494,1,6,10
2495,0,23,10
2496,0,21,15
2497,1,5,11
2498,0,22,10
2499,0,23,14
2500,0,23,15
2501,1,8,10
2502,1,14,11
2503,0,22,10
2504,0,22,10
2505,0,23,14
2506,1,14,10
2507,0,23,14
2508,0,23,10
2509,0,23,10
2510,0,23,10
2511,0,23,10
2512,1,4,14
2513,0,23,15
2514,1,4,12
2515,1,17,11
2516,0,24,10
2517,0,23,15
2518,0,24,10
2519,0,24,10
2520,0,21,10
2521,0,23,10
2522,0,23,10
2523,1,11,10
2524,0,23,10
2525,0,22,10
2526,0,23,14
2527,0,23,14
2528,0,22,10
2529,1,4,10
2530,0,23,10
2531,0,23,15
2532,1,7,14
2533,0,24,14
2534,0,23,10
2535,1,12,15
2536,0,23,10
2537,1,10,11
2538,1,15,15
2539,0,23,10
2540,0,23,10
2541,0,23,15
2542,0,23,14
2543,0,23,14
2544,0,23,10
2545,1,12,10
2546,0,23,14
2547,0,23,15
2548,0,21,10
2549,0,22,10
2550,0,23,10
2551,0,22,10
2552,1,1,10
2553,1,11,10
2554,0,23,10
2555,1,13,10
2556,1,12,16
2557,0,22,11
2558,0,22,10
2559,0,23,10
2560,0,17,13
2561,0,23,10
2562,0,23,10
2563,0,23,10
2564,0,20,10
2565,0,23,14
2566,1,5,16
2567,1,7,11
2568,1,20,10
2569,0,23,10
2570,0,23,11
2571,1,7,10
2572,0,23,10
2573,0,23,14
2574,1,13,15
2575,0,22,14
2576,1,15,10
2577,0,23,10
2578,1,2,10
2579,0,21,10
2580,0,23,10
2581,1,11,10
2582,1,1,10
2583,0,22,14
2584,0,21,14
2585,0,23,10
2586,0,23,10
2587,1,2,11
2588,0,22,10
2589,1,13,10
2590,0,23,15
2591,1,4,10
2592,1,9,10
2593,0,23,10
2594,0,23,16
2595,0,23,10
2596,1,2,11
2597,0,23,10
2598,0,23,14
2599,0,22,10
2600,0,22,10
2601,0,23,10
2602,0,23,10
2603,0,21,10
2604,0,23,14
2605,1,18,10
2606,1,12,10
2607,0,23,10
2608,0,22,10
2609,0,23,10
2610,1,15,10
2611,1,12,10
2612,0,23,10
2613,0,23,10
2614,0,23,10
2615,0,24,10
2616,0,23,13
2617,0,23,10
2618,1,8,10
2619,0,23,10
2620,0,24,10
2621,0,22,14
2622,0,23,10
2623,0,22,14
2624,0,23,10
2625,0,23,14
2626,0,23,10
2627,0,22,10
2628,0,23,10
2629,0,23,10
2630,0,24,10
2631,0,23,15
2632,0,23,14
2633,0,22,15
2634,1,12,16
2635,0,23,14
2636,1,17,10
2637,0,22,10
2638,0,23,10
2639,0,23,14
2640,0,23,10
2641,0,23,10
2642,1,5,15
2643,0,22,15
2644,0,23,10
2645,0,23,15
2646,0,23,10
2647,0,23,15
2648,0,23,14
2649,0,22,10
2650,1,17,11
2651,0,23,14
2652,0,23,10
2653,0,23,14
2654,0,23,10
2655,0,22,14
2656,0,23,14
2657,0,23,10
2658,0,22,10
2659,0,23,10
2660,0,23,10
2661,1,10,10
2662,0,23,10
2663,0,23,10
2664,0,23,10
2665,0,22,15
2666,0,23,15
2667,0,23,10
2668,0,23,10
2669,0,23,15
2670,1,8,10
2671,0,23,14
2672,0,23,10
2673,0,23,15
2674,1,14,10
2675,0,19,10
2676,0,23,10
2677,0,23,11
2678,0,23,10
2679,1,8,10
2680,0,24,14
2681,1,4,10
2682,0,23,10
2683,0,23,10
2684,0,23,10
2685,0,22,10
2686,0,23,10
2687,0,23,10
2688,0,23,10
2689,0,19,10
2690,0,18,14
2691,0,23,10
2692,0,23,10
2693,1,9,15
2694,0,23,10
2695,0,22,10
2696,0,23,10
2697,0,24,14
2698,0,22,10
2699,0,23,15
2700,0,22,10
2701,0,22,10
2702,0,23,11
2703,0,23,11
2704,0,23,10
2705,0,23,13
2706,0,23,10
2707,1,14,10
2708,0,23,14
2709,0,23,10
2710,0,23,10
2711,0,23,10
2712,0,17,10
2713,0,23,14
2714,0,23,11
2715,1,3,11
2716,0,18,10
2717,0,23,10
2718,0,24,10
2719,0,23,10
2720,0,22,10
2721,0,23,10
2722,0,23,10
2723,0,22,10
2724,1,15,10
2725,0,23,10
2726,0,24,10
2727,1,6,11
2728,1,13,14
2729,0,22,10
2730,0,23,10
2731,0,23,13
2732,0,23,10
2733,0,23,10
2734,1,8,10
2735,1,7,14
2736,0,23,11
2737,0,23,10
2738,0,23,10
2739,0,24,14
2740,0,23,10
2741,0,22,10
2742,0,23,14
2743,0,23,11
2744,0,23,10
2745,0,23,10
2746,0,23,10
2747,0,24,10
2748,0,23,10
2749,0,14,14
2750,0,21,10
2751,1,9,12
2752,1,5,10
2753,0,23,10
2754,0,23,10
2755,0,24,10
2756,1,11,15
2757,0,23,10
2758,1,14,15
2759,0,19,10
2760,0,23,10
2761,0,23,10
2762,0,23,14
2763,0,23,10
2764,0,23,10
2765,0,23,10
2766,0,21,10
2767,1,8,10
2768,0,23,10
2769,0,21,10
2770,0,23,10
2771,1,8,10
2772,0,22,10
2773,0,22,14
2774,1,5,16
2775,0,23,11
2776,0,23,10
2777,0,24,14
2778,1,6,10
2779,0,22,10
2780,0,22,15
2781,1,23,10
2782,0,23,15
2783,0,23,10
2784,0,22,10
2785,0,23,14
2786,0,24,10
2787,0,20,10
2788,0,22,10
2789,0,23,10
2790,0,23,10
2791,0,17,14
2792,0,23,15
2793,0,23,15
2794,0,23,10
2795,0,21,10
2796,0,23,14
2797,0,23,10
2798,0,21,10
2799,0,22,15
2800,1,12,10
2801,0,20,10
2802,1,7,10
2803,1,5,10
2804,0,23,14
2805,0,23,14
2806,0,22,14
2807,1,17,15
2808,0,23,15
2809,0,22,10
2810,0,22,11
2811,0,23,11
2812,1,5,10
2813,0,23,10
2814,1,15,14
2815,0,21,10
2816,0,23,10
2817,0,24,10
2818,1,4,10
2819,0,23,10
2820,0,21,10
2821,0,22,10
2822,1,24,13
2823,0,23,10
2824,0,23,10
2825,1,8,15
2826,0,23,10
2827,0,23,14
2828,0,24,10
2829,0,23,10
2830,0,23,14
2831,0,24,10
2832,0,21,15
2833,0,22,10
2834,0,23,13
2835,0,23,14
2836,0,17,10
2837,0,23,14
2838,0,23,10
2839,1,9,10
2840,0,23,10
2841,0,22,10
2842,1,4,10
2843,0,22,10
2844,0,23,10
2845,0,17,10
2846,0,23,10
2847,0,23,10
2848,0,24,14
2849,1,12,10
2850,0,22,13
2851,0,23,10
2852,1,9,10
2853,0,23,10
2854,1,6,10
2855,0,17,14
2856,0,23,14
2857,0,23,14
2858,1,2,10
2859,0,23,10
2860,0,22,11
2861,0,22,13
2862,0,23,14
2863,0,23,10
2864,0,23,10
2865,0,23,10
2866,0,23,10
2867,0,23,16
2868,0,22,10
2869,0,24,10
2870,0,23,14
2871,0,22,10
2872,1,7,10
2873,0,23,10
2874,0,23,10
2875,0,23,11
2876,0,23,10
2877,0,23,14
2878,0,21,10
2879,0,23,10
2880,0,24,10
2881,0,23,14
2882,1,11,15
2883,0,22,10
2884,1,9,14
2885,0,23,10
2886,1,14,10
2887,0,24,15
2888,0,22,16
2889,0,23,14
2890,0,23,10
2891,0,23,14
2892,1,10,15
2893,0,22,10
2894,0,23,15
2895,0,22,11
2896,0,23,10
2897,0,23,10
2898,0,23,14
2899,0,23,13
2900,1,11,10
2901,0,23,10
2902,0,23,14
2903,0,23,10
2904,0,23,10
2905,1,9,10
2906,0,23,10
2907,0,23,10
2908,0,23,14
2909,0,23,10
2910,0,23,10
2911,0,23,10
2912,0,23,10
2913,0,23,10
2914,0,23,10
2915,0,22,15
2916,0,23,14
2917,1,9,15
2918,0,23,14
2919,0,23,14
2920,0,22,15
2921,0,23,14
2922,1,2,10
2923,1,8,13
2924,1,2,13
2925,1,4,11
2926,0,23,10
2927,0,22,11
2928,1,2,10
2929,0,22,10
2930,0,22,10
2931,0,23,10
2932,0,23,15
2933,1,23,11
2934,0,22,15
2935,0,22,13
2936,0,22,14
2937,1,2,15
2938,0,18,10
2939,0,23,10
2940,0,16,10
2941,0,22,10
2942,0,22,10
2943,0,23,10
2944,0,23,10
2945,0,22,10
2946,0,23,10
2947,0,22,10
2948,0,22,10
2949,0,22,15
2950,0,23,10
2951,0,23,14
2952,0,22,15
2953,0,18,10
2954,0,22,10
2955,0,22,10
2956,0,22,10
2957,0,22,14
2958,0,23,10
2959,0,23,10
2960,0,19,10
2961,1,8,10
2962,0,23,15
2963,0,23,10
2964,1,14,13
2965,0,23,14
2966,0,22,13
2967,0,22,14
2968,0,22,10
2969,0,23,10
2970,0,23,13
2971,1,14,10
2972,0,23,10
2973,0,23,10
2974,0,20,10
2975,0,24,15
2976,0,22,10
2977,0,23,10
2978,1,8,10
2979,1,11,10
2980,0,23,14
2981,1,6,10
2982,0,22,10
2983,0,23,10
2984,0,22,15
2985,0,24,10
2986,0,22,11
2987,1,3,10
2988,1,7,10
2989,0,23,10
2990,0,23,14
2991,0,23,10
2992,0,23,10
2993,1,20,13
2994,0,22,10
2995,0,22,10
2996,0,23,14
2997,0,22,10
2998,0,23,10
2999,0,23,14
3000,0,23,10
